{
    "step_size": 0.00041491106035962063,
    "num_samples": 1867,
    "num_steps_per_sample": 14,
    "tau_out": 1.8914431914681566,
    "mass": 9.0962425819262
}